{"cameraMode":{"drawMode":0,"name":"Shaded","section":"Shading Mode"},"sceneLighting":true,"audioPlay":false,"sceneViewState":{"showFog":true,"showMaterialUpdate":false,"showSkybox":true,"showFlares":true,"showImageEffects":true,"showParticleSystems":true},"in2DMode":false,"pivot":{"x":-5.87827730178833,"y":-9.261042594909668,"z":6.475822925567627},"rotation":{"x":0.36862611770629885,"y":-0.0585184171795845,"z":0.023256558924913408,"w":0.9274424910545349},"size":15.438180923461914,"orthographic":false}