{"cameraMode":{"drawMode":0,"name":"Shaded","section":"Shading Mode"},"sceneLighting":true,"audioPlay":false,"sceneViewState":{"showFog":true,"showMaterialUpdate":false,"showSkybox":true,"showFlares":true,"showImageEffects":true,"showParticleSystems":true},"in2DMode":false,"pivot":{"x":-4.702442169189453,"y":-0.7188944816589356,"z":0.13437700271606446},"rotation":{"x":0.1099684089422226,"y":-0.34008339047431948,"z":0.040079083293676379,"w":0.9330830574035645},"size":10.0,"orthographic":false}